{
  "num_questions": 10,
  "exact_match": 0.0,
  "token_f1": 0.3417447286260831,
  "rougeL_f1": 0.34138132897700685
}